{
    "features_file": "/home/kali/Desktop/PFA-LAST/flow_features/features-20250615171801.csv",
    "results_file": "/home/kali/Desktop/PFA-LAST/flow_results/results-20250615171817.csv",
    "total_samples": 1007,
    "predictions": {
        "BENIGN": 244,
        "Bot": 0,
        "Brute Force": 0,
        "DDoS": 0,
        "DoS": 1,
        "Port Scan": 762,
        "Web Attack": 0
    },
    "average_confidence": 0.5271411992807487,
    "timestamp": "2025-06-15T17:18:17.723491",
    "statistics": {
        "confidence_stats": {
            "mean": 0.5271411992807487,
            "std": 0.06836917614001035,
            "min": 0.3001044506051938,
            "max": 0.7261572652925887
        },
        "top_predictions": {
            "Port Scan": 762,
            "BENIGN": 244,
            "DoS": 1
        }
    }
}